<?xml version="1.0" encoding="UTF-8"?>
<urn:PluginConfiguration isInheritExtendedContractAttributes="false" name="Level 1 Session" xmlns:urn="urn:sourceid.org:saml2:adapter:conf">
    <urn:Fields>
        <urn:Field name="Enable 'No Session' Result Value">true</urn:Field>
    </urn:Fields>
    <urn:AdvancedFields/>
    <urn:Tables>
        <urn:Table name="Authentication Sources">
            <urn:Row>
                <urn:Field name="Authentication Source">idp-conn|m2ESB33yT_dsHOsujwFIu9l.Vx7</urn:Field>
                <urn:Field name="Result Value">Google</urn:Field>
            </urn:Row>
            <urn:Row>
                <urn:Field name="Authentication Source">idp-conn|nc4gNg-dV-.GUx.Ax4jX_Mynb5Y</urn:Field>
                <urn:Field name="Result Value">Microsoft</urn:Field>
            </urn:Row>
            <urn:Row>
                <urn:Field name="Authentication Source">idp-adapter|HTMLFormSimplePCV</urn:Field>
                <urn:Field name="Result Value">Local</urn:Field>
            </urn:Row>
        </urn:Table>
    </urn:Tables>
</urn:PluginConfiguration>