<?xml version="1.0" encoding="UTF-8"?>
<con:config xmlns:con="http://www.sourceid.org/2004/05/config">
    <con:map name="adapter-selectors">
        <con:item name="MFASelector">com.pingidentity.pf.selectors.saml.SamlAuthnContextAdapterSelector</con:item>
        <con:item name="L1Session">com.pingidentity.pf.selectors.session.SessionAuthnSelector</con:item>
        <con:item name="DelegatedAccessSelector">com.pingidentity.pf.selectors.oauthscope.OAuthScopeAdapterSelector</con:item>
    </con:map>
</con:config>