<?xml version="1.0" encoding="UTF-8"?>
<con:config xmlns:con="http://www.sourceid.org/2004/05/config">
    <con:item name="AutoCreateCertOnEngineNode">true</con:item>
    <con:list name="ActiveServerAliases">
        <con:ListItem>0i69uu98tcruf21tqjwq75au5</con:ListItem>
        <con:ListItem>5opdzdnmukgbo4hqqqwbwkiod</con:ListItem>
    </con:list>
    <con:list name="ActiveAdminServerAliases">
        <con:ListItem>0i69uu98tcruf21tqjwq75au5</con:ListItem>
        <con:ListItem>5opdzdnmukgbo4hqqqwbwkiod</con:ListItem>
    </con:list>
    <con:item name="DefaultActiveServerAlias">5opdzdnmukgbo4hqqqwbwkiod</con:item>
    <con:item name="DefaultActiveAdminServerAlias">5opdzdnmukgbo4hqqqwbwkiod</con:item>
</con:config>