<?xml version="1.0" encoding="UTF-8"?>
<urn:Clients xmlns:urn="urn:pingidentity.com:pf:oauth:client">
    <urn:Client client_id="everyday_banking_ac" name="Everyday Banking Auth Code Client" logo="" secret="NYfbv5Bem-MJD4HpG-bqA0i_SVPAynGHtELOOXOFosA.DkuKbzIf.2" persistentGrantExpirationTime="0" enabled="true" lastModified="2019-03-15T16:02:28.460Z" bypassApprovalPage="true" restrictScopes="false" jwksUri="" jwks="" clientAuthnType="SECRET" enforceOneTimeJWT="false" isRequireSignedRequest="false">
        <urn:Description/>
        <urn:Grant type="refresh_token"/>
        <urn:Grant type="implicit"/>
        <urn:Grant type="authorization_code"/>
        <urn:RedirectUri>https://apt-pf92.ukwest.cloudapp.azure.com:9031/OAuthPlayground/authorization_code/callback</urn:RedirectUri>
        <urn:RedirectUri>http://localhost:3000/web/authorization_code/callback</urn:RedirectUri>
        <urn:RedirectUri>http://localhost:3000/web/token</urn:RedirectUri>
        <urn:RedirectUri>https://apt-p-app.ukwest.cloudapp.azure.com/web/authorization_code/callback</urn:RedirectUri>
        <urn:RedirectUri>https://ollie_vaughan-75184-eval-test.apigee.net/web/authorization_code/callback</urn:RedirectUri>
        <urn:SupplementalInfo key="ALLOW_EXCLUSIVE_SCOPES" value="false"/>
        <urn:SupplementalInfo key="DEVICE_FLOW_SETTING" value="SERVER_DEFAULT"/>
        <urn:SupplementalInfo key="DEFAULT_ATM_ID" value="ebJWT"/>
        <urn:SupplementalInfo key="PING_ACCESS_LOGOUT_CAPABLE" value="false"/>
        <urn:SupplementalInfo key="RESTRICT_RESPONSE_TYPES" value="false"/>
        <urn:SupplementalInfo key="ACCESS_SESSION_REVOCATION_API" value="false"/>
        <urn:SupplementalInfo key="PERSISTENT_GRANT_IDLE_TIMEOUT_TYPE" value="SERVER_DEFAULT"/>
        <urn:SupplementalInfo key="VALIDATE_USING_ALL_ELIGIBLE_ATMS" value="false"/>
        <urn:SupplementalInfo key="ENABLED" value="true"/>
        <urn:SupplementalInfo key="vnd.ping.policy_group_id" value="EverydayBankingOIDC"/>
    </urn:Client>
</urn:Clients>