<saasProvisioner version="1.0" enableSaasProvisionerGUI="true" internalDataSourceId="ProvisionerDS" syncInterval="5" encryptDBSaasIdentities="true" xmlns="http://pingidentity.com/2008/06/saas-provisioner">
  <saasProvisionerEntity>
    <entityId>PingID SDK Connector</entityId>
    <target id="PingIDForCustomers">
      <parameter name="accountId" value="1b0a8986-15d5-4c71-98a1-58c0ad70910d"/>
      <parameter name="apiKey" value="OBF:JWE:eyJhbGciOiJkaXIiLCJlbmMiOiJBMTI4Q0JDLUhTMjU2Iiwia2lkIjoiOTlCaHREakZ5VSIsInZlcnNpb24iOiI5LjIuMS4xIn0..G2mK6FV9jm8jr0S5j2YsPg.PtGkH-n19-CxhMPl9I9214cxZR7mcYQsvXb3TBaUohkEeLLr_PMAW4juIehaPAcTdXn67u3J_pKVsG_XHKQotg.F7f5JaLdGhNKsUSRyUgx1g"/>
      <parameter name="applicationId" value="9031d656-455b-4ffb-a26d-d9df525a03bf"/>
      <parameter name="host" value="sdk.pingid.com"/>
      <parameter name="token" value="OBF:JWE:eyJhbGciOiJkaXIiLCJlbmMiOiJBMTI4Q0JDLUhTMjU2Iiwia2lkIjoiOTlCaHREakZ5VSIsInZlcnNpb24iOiI5LjIuMS4xIn0..kNO-8lTMVrDN21P815LXPw.p4kiMdACHh6oD7cNFjPZRrMPi0qxa7YUdzX5tTBLi3C0SmM3vJAMfvo4X5h-uxVW.2b37Q5NsW-Fw1SODvMjElg"/>
      <parameter name="primaryAuthenticationMethodUponCreation" value="SMS Number 1"/>
      <parameter name="Provisioning Options" value=""/>
      <parameter name="createNewUsers" value="true"/>
      <parameter name="updateNewUsers" value="true"/>
      <parameter name="disableNewUsers" value="true"/>
      <parameter name="provisionDisabledUsers" value="false"/>
      <parameter name="removeAction" value="Delete"/>
    </target>
    <channel id="1" name="PingDirectory" active="false">
      <maxThreads>1</maxThreads>
      <timeout>60</timeout>
      <source dataSourceId="LDAP-5747BAE284C8C6D55D534E2B2585473236AA3B08">
        <ldapGuidFormatter guidAttributeName="entryUUID" guidIsBinary="false"/>
        <usersBaseDN>ou=people,dc=apt,dc=com</usersBaseDN>
        <filter>ebAppID=*</filter>
        <memberOfGroupAttributeName/>
        <groupMemberAttributeName>uniqueMember</groupMemberAttributeName>
        <changedUsersAlgorithm>Timestamp No Negation</changedUsersAlgorithm>
        <timestampAttributeName>modifyTimestamp</timestampAttributeName>
        <userObjectClass>ebApplicant</userObjectClass>
        <groupObjectClass>groupOfUniqueNames</groupObjectClass>
        <directoryIdentityAttributesMapper statusReader="Flag">
          <attributeName>nsaccountlock</attributeName>
          <default>true</default>
          <comparisonValue>true</comparisonValue>
          <comparisonValueStatus>false</comparisonValueStatus>
        </directoryIdentityAttributesMapper>
        <userNestedSearch>false</userNestedSearch>
        <groupNestedSearch>false</groupNestedSearch>
      </source>
      <saasUsernameFieldCode>username</saasUsernameFieldCode>
      <identityMappingField fieldName="username">
        <fieldInfo code="username" label="Username">
          <required>true</required>
          <unique>true</unique>
          <attributeGroup>false</attributeGroup>
        </fieldInfo>
        <fieldConfig>
          <attributes>uid</attributes>
        </fieldConfig>
      </identityMappingField>
      <identityMappingField fieldName="email1">
        <fieldInfo code="email1" label="Email 1">
          <attributeGroup>false</attributeGroup>
        </fieldInfo>
        <fieldConfig>
          <attributes>mail</attributes>
        </fieldConfig>
      </identityMappingField>
      <identityMappingField fieldName="email2">
        <fieldInfo code="email2" label="Email 2">
          <attributeGroup>false</attributeGroup>
        </fieldInfo>
        <fieldConfig/>
      </identityMappingField>
      <identityMappingField fieldName="email3">
        <fieldInfo code="email3" label="Email 3">
          <attributeGroup>false</attributeGroup>
        </fieldInfo>
        <fieldConfig/>
      </identityMappingField>
      <identityMappingField fieldName="firstName">
        <fieldInfo code="firstName" label="First Name">
          <attributeGroup>false</attributeGroup>
        </fieldInfo>
        <fieldConfig/>
      </identityMappingField>
      <identityMappingField fieldName="lastName">
        <fieldInfo code="lastName" label="Last Name">
          <attributeGroup>false</attributeGroup>
        </fieldInfo>
        <fieldConfig/>
      </identityMappingField>
      <identityMappingField fieldName="smsNumber1">
        <fieldInfo code="smsNumber1" label="SMS Number 1">
          <attributeGroup>false</attributeGroup>
        </fieldInfo>
        <fieldConfig>
          <attributes>telephoneNumber</attributes>
        </fieldConfig>
      </identityMappingField>
      <identityMappingField fieldName="smsNumber2">
        <fieldInfo code="smsNumber2" label="SMS Number 2">
          <attributeGroup>false</attributeGroup>
        </fieldInfo>
        <fieldConfig/>
      </identityMappingField>
      <identityMappingField fieldName="smsNumber3">
        <fieldInfo code="smsNumber3" label="SMS Number 3">
          <attributeGroup>false</attributeGroup>
        </fieldInfo>
        <fieldConfig/>
      </identityMappingField>
      <identityMappingField fieldName="voiceNumber1">
        <fieldInfo code="voiceNumber1" label="Voice Number 1">
          <attributeGroup>false</attributeGroup>
        </fieldInfo>
        <fieldConfig/>
      </identityMappingField>
      <identityMappingField fieldName="voiceNumber2">
        <fieldInfo code="voiceNumber2" label="Voice Number 2">
          <attributeGroup>false</attributeGroup>
        </fieldInfo>
        <fieldConfig/>
      </identityMappingField>
      <identityMappingField fieldName="voiceNumber3">
        <fieldInfo code="voiceNumber3" label="Voice Number 3">
          <attributeGroup>false</attributeGroup>
        </fieldInfo>
        <fieldConfig/>
      </identityMappingField>
    </channel>
    <channel id="2" name="PingDirectory2" active="true">
      <maxThreads>1</maxThreads>
      <timeout>60</timeout>
      <source dataSourceId="LDAP-5747BAE284C8C6D55D534E2B2585473236AA3B08">
        <ldapGuidFormatter guidAttributeName="entryUUID" guidIsBinary="false"/>
        <usersBaseDN>ou=people,dc=apt,dc=com</usersBaseDN>
        <filter>ebAppID=*</filter>
        <memberOfGroupAttributeName/>
        <groupMemberAttributeName>uniqueMember</groupMemberAttributeName>
        <changedUsersAlgorithm>Timestamp No Negation</changedUsersAlgorithm>
        <timestampAttributeName>modifyTimestamp</timestampAttributeName>
        <userObjectClass>ebApplicant</userObjectClass>
        <groupObjectClass>groupOfUniqueNames</groupObjectClass>
        <directoryIdentityAttributesMapper statusReader="Flag">
          <attributeName>nsaccountlock</attributeName>
          <default>true</default>
          <comparisonValue>true</comparisonValue>
          <comparisonValueStatus>false</comparisonValueStatus>
        </directoryIdentityAttributesMapper>
        <userNestedSearch>false</userNestedSearch>
        <groupNestedSearch>false</groupNestedSearch>
      </source>
      <saasUsernameFieldCode>username</saasUsernameFieldCode>
      <identityMappingField fieldName="username">
        <fieldInfo code="username" label="Username">
          <required>true</required>
          <unique>true</unique>
          <attributeGroup>false</attributeGroup>
        </fieldInfo>
        <fieldConfig>
          <attributes>uid</attributes>
        </fieldConfig>
      </identityMappingField>
      <identityMappingField fieldName="email1">
        <fieldInfo code="email1" label="Email 1">
          <attributeGroup>false</attributeGroup>
        </fieldInfo>
        <fieldConfig>
          <attributes>mail</attributes>
        </fieldConfig>
      </identityMappingField>
      <identityMappingField fieldName="email2">
        <fieldInfo code="email2" label="Email 2">
          <attributeGroup>false</attributeGroup>
        </fieldInfo>
        <fieldConfig/>
      </identityMappingField>
      <identityMappingField fieldName="email3">
        <fieldInfo code="email3" label="Email 3">
          <attributeGroup>false</attributeGroup>
        </fieldInfo>
        <fieldConfig/>
      </identityMappingField>
      <identityMappingField fieldName="firstName">
        <fieldInfo code="firstName" label="First Name">
          <attributeGroup>false</attributeGroup>
        </fieldInfo>
        <fieldConfig/>
      </identityMappingField>
      <identityMappingField fieldName="lastName">
        <fieldInfo code="lastName" label="Last Name">
          <attributeGroup>false</attributeGroup>
        </fieldInfo>
        <fieldConfig/>
      </identityMappingField>
      <identityMappingField fieldName="smsNumber1">
        <fieldInfo code="smsNumber1" label="SMS Number 1">
          <attributeGroup>false</attributeGroup>
        </fieldInfo>
        <fieldConfig>
          <attributes>telephoneNumber</attributes>
        </fieldConfig>
      </identityMappingField>
      <identityMappingField fieldName="smsNumber2">
        <fieldInfo code="smsNumber2" label="SMS Number 2">
          <attributeGroup>false</attributeGroup>
        </fieldInfo>
        <fieldConfig/>
      </identityMappingField>
      <identityMappingField fieldName="smsNumber3">
        <fieldInfo code="smsNumber3" label="SMS Number 3">
          <attributeGroup>false</attributeGroup>
        </fieldInfo>
        <fieldConfig/>
      </identityMappingField>
      <identityMappingField fieldName="voiceNumber1">
        <fieldInfo code="voiceNumber1" label="Voice Number 1">
          <attributeGroup>false</attributeGroup>
        </fieldInfo>
        <fieldConfig/>
      </identityMappingField>
      <identityMappingField fieldName="voiceNumber2">
        <fieldInfo code="voiceNumber2" label="Voice Number 2">
          <attributeGroup>false</attributeGroup>
        </fieldInfo>
        <fieldConfig/>
      </identityMappingField>
      <identityMappingField fieldName="voiceNumber3">
        <fieldInfo code="voiceNumber3" label="Voice Number 3">
          <attributeGroup>false</attributeGroup>
        </fieldInfo>
        <fieldConfig/>
      </identityMappingField>
    </channel>
    <Scim/>
  </saasProvisionerEntity>
</saasProvisioner>