<?xml version="1.0" encoding="UTF-8"?>
<urn:AdapterConfiguration isInheritExtendedContractAttributes="false" name="com.pingidentity.datasource.restdatasource.RestDataSource" xmlns:urn="urn:sourceid.org:saml2:adapter:conf">
    <urn:Fields>
        <urn:Field name="REST Service Endpoint">https://apt-p-app.ukwest.cloudapp.azure.com:8000/aml?appId={0}</urn:Field>
        <urn:Field name="HTTP Action">GET</urn:Field>
        <urn:Field name="Basic Auth Username">Administrator</urn:Field>
        <urn:Field name="Basic Auth Password">eyJhbGciOiJkaXIiLCJlbmMiOiJBMTI4Q0JDLUhTMjU2Iiwia2lkIjoiOTlCaHREakZ5VSIsInZlcnNpb24iOiI5LjIuMS4xIn0..NE0chP2_mUvKRyrlt6467Q.ly0LgvlMn0C-d5MojmPXb4Fb-dMN66492w-w1XnFgIY.K0BAR91-P7dF9ajhG7XqiQ</urn:Field>
        <urn:Field name="HTTP Body"/>
    </urn:Fields>
    <urn:AdvancedFields/>
    <urn:Tables>
        <urn:Table name="Attribute Lookup">
            <urn:Row>
                <urn:Field name="Attribute Name">isLaunderer</urn:Field>
                <urn:Field name="XPath">/is-launderer</urn:Field>
            </urn:Row>
        </urn:Table>
        <urn:Table name="HTTP Header Name and Values"/>
    </urn:Tables>
</urn:AdapterConfiguration>