<?xml version="1.0" encoding="UTF-8"?>
<urn:AdapterConfiguration authnCtxClassRef="" isInheritAttributeSettings="false" isInheritAttributeMapping="false" maskOgnlValues="false" isInheritExtendedContractAttributes="false" name="Select Delegation" xmlns:urn="urn:sourceid.org:saml2:adapter:conf">
    <urn:Fields>
        <urn:Field name="Authentication Endpoint">http://localhost:3001/web/delegate</urn:Field>
        <urn:Field name="User Name">Delegation</urn:Field>
        <urn:Field name="Pass Phrase">eyJhbGciOiJkaXIiLCJlbmMiOiJBMTI4Q0JDLUhTMjU2Iiwia2lkIjoiOTlCaHREakZ5VSIsInZlcnNpb24iOiI5LjIuMS4xIn0..Y1lLh-ZUX8ZMNP9ElPDtLw.C7NE8CEtuofD3m23YeLSmg.zLzZnfv5_3HL9cwfhvpj-A</urn:Field>
        <urn:Field name="Allowed Subject DN"/>
        <urn:Field name="Allowed Issuer DN"/>
        <urn:Field name="Logout Service Endpoint"/>
        <urn:Field name="Prefix Referenced Attributes">true</urn:Field>
        <urn:Field name="Ignore Untracked HTTP Parameters">true</urn:Field>
        <urn:Field name="Transport Mode">2</urn:Field>
        <urn:Field name="Reference Duration">5</urn:Field>
        <urn:Field name="Reference Length">30</urn:Field>
        <urn:Field name="Require SSL/TLS">true</urn:Field>
        <urn:Field name="Outgoing Attribute Format">JSON</urn:Field>
        <urn:Field name="Incoming Attribute Format">JSON</urn:Field>
        <urn:Field name="Logout Mode">FRONT</urn:Field>
        <urn:Field name="Skip Host Name Validation ">false</urn:Field>
    </urn:Fields>
    <urn:AdvancedFields>
        <urn:Field name="Prefix Referenced Attributes">true</urn:Field>
        <urn:Field name="Ignore Untracked HTTP Parameters">true</urn:Field>
        <urn:Field name="Transport Mode">2</urn:Field>
        <urn:Field name="Reference Duration">5</urn:Field>
        <urn:Field name="Reference Length">30</urn:Field>
        <urn:Field name="Require SSL/TLS">true</urn:Field>
        <urn:Field name="Outgoing Attribute Format">JSON</urn:Field>
        <urn:Field name="Incoming Attribute Format">JSON</urn:Field>
        <urn:Field name="Logout Mode">FRONT</urn:Field>
        <urn:Field name="Skip Host Name Validation ">false</urn:Field>
    </urn:AdvancedFields>
    <urn:Tables/>
    <urn:ExtendedContractAttributes>
        <urn:AttributeName>delegatedDN</urn:AttributeName>
    </urn:ExtendedContractAttributes>
    <urn:UniqueKeyField>subject</urn:UniqueKeyField>
    <urn:AttributeMapping>
        <urn1:AttributeMap Name="subject" Type="Adapter" Value="subject" xmlns:urn1="urn:sourceid.org:saml2:metadata-extension:v2"/>
        <urn1:AttributeMap Name="delegatedDN" Type="Adapter" Value="delegatedDN" xmlns:urn1="urn:sourceid.org:saml2:metadata-extension:v2"/>
        <urn1:TokenAuthorizationIssuanceCriteria xmlns:urn1="urn:sourceid.org:saml2:metadata-extension:v2"/>
    </urn:AttributeMapping>
</urn:AdapterConfiguration>