<?xml version="1.0" encoding="UTF-8"?>
<md:EntityDescriptor entityID="https://sts.windows.net/9fdbbf5f-6385-4569-9579-9b42bf1340b0/" urn:name="Microsoft" ID="nc4gNg-dV-.GUx.Ax4jX_Mynb5Y" urn:LogLevel="STANDARD" urn:isActive="true" xmlns:md="urn:oasis:names:tc:SAML:2.0:metadata" xmlns:urn="urn:sourceid.org:saml2:metadata-extension:v2">
    <md:Extensions>
        <urn:EntityExtension PFVersion="9.2.1.1" LicenseGroup="">
            <urn:DigitialSignatureAliases/>
            <urn:Encryption>
                <urn:EncryptionPolicy EncryptionAlgorithm="http://www.w3.org/2001/04/xmlenc#aes128-cbc" KeyTransportAlgorithm="http://www.w3.org/2001/04/xmlenc#rsa-oaep-mgf1p" EncryptAssertion="false" EncryptSubjectNameID="false" SLOEncryptSubjectNameID="false"/>
                <urn:DecryptionPolicy AssertionEncrypted="false" SubjectNameIDEncrypted="false" AttributeEncrypted="false" SLOSubjectNameIDEncrypted="false"/>
            </urn:Encryption>
            <urn:ConnectionTemplateProperties/>
            <urn:MetadataUrlId xsi:nil="true" xmlns:xsi="http://www.w3.org/2001/XMLSchema-instance"/>
            <urn:enableAutoMetadataUpdate>false</urn:enableAutoMetadataUpdate>
            <urn:AdditionalAllowedEntitiesConfiguration>
                <urn:AllowAdditionalEntities>false</urn:AllowAdditionalEntities>
                <urn:AllowAllEntities>false</urn:AllowAllEntities>
                <urn:AdditionalAllowedEntities/>
            </urn:AdditionalAllowedEntitiesConfiguration>
        </urn:EntityExtension>
    </md:Extensions>
    <md:IDPSSODescriptor protocolSupportEnumeration="OIDC" WantAuthnRequestsSigned="false">
        <md:Extensions>
            <urn:RoleExtension ArtifactTimeoutSeconds="60" LastModified="2019-03-07T11:27:59.627Z">
                <urn:IncomingBindings Artifact="true" POST="true" Redirect="true" SOAP="true"/>
                <urn:EnabledProfiles IDPInitiatedSSO="true" IDPInitiatedSLO="false" SPInitiatedSSO="true" SPInitiatedSLO="false"/>
                <urn:IDP AssertionsSigned="false" DefaultTargetResource="">
                    <urn:ConnectionContractMapping C2cContractId="3zEx12RucRv1A5eR" C2cContractName="Microsoft" RestrictVirtualServerIds="false">
                        <urn:AttributeMap Name="firstName" Type="Provider Claims" Value="given_name"/>
                        <urn:AttributeMap Name="lastName" Type="Provider Claims" Value="family_name"/>
                        <urn:AttributeMap Name="subject" Type="Provider Claims" Value="sub"/>
                        <urn:AttributeMap Name="email" Type="Provider Claims" Value="email"/>
                        <urn:TokenAuthorizationIssuanceCriteria/>
                    </urn:ConnectionContractMapping>
                    <urn:AccountLinkingAndMapping Type="mapping" IncludeAdditionalAttributes="false"/>
                    <urn:ErrPageMsg>errorDetail.spSsoFailure</urn:ErrPageMsg>
                </urn:IDP>
            </urn:RoleExtension>
        </md:Extensions>
        <md:SingleSignOnService Binding="oauth:authz" Location="https://login.microsoftonline.com/9fdbbf5f-6385-4569-9579-9b42bf1340b0/oauth2/authorize"/>
        <saml:Attribute Name="cloud_graph_host_name" NameFormat="urn:oasis:names:tc:SAML:2.0:attrname-format:basic" xmlns:saml="urn:oasis:names:tc:SAML:2.0:assertion"/>
        <saml:Attribute Name="cloud_instance_host_name" NameFormat="urn:oasis:names:tc:SAML:2.0:attrname-format:basic" xmlns:saml="urn:oasis:names:tc:SAML:2.0:assertion"/>
        <saml:Attribute Name="amr" NameFormat="urn:oasis:names:tc:SAML:2.0:attrname-format:basic" xmlns:saml="urn:oasis:names:tc:SAML:2.0:assertion"/>
        <saml:Attribute Name="iss" NameFormat="urn:oasis:names:tc:SAML:2.0:attrname-format:basic" xmlns:saml="urn:oasis:names:tc:SAML:2.0:assertion"/>
        <saml:Attribute Name="msgraph_host" NameFormat="urn:oasis:names:tc:SAML:2.0:attrname-format:basic" xmlns:saml="urn:oasis:names:tc:SAML:2.0:assertion"/>
        <saml:Attribute Name="given_name" NameFormat="urn:oasis:names:tc:SAML:2.0:attrname-format:basic" xmlns:saml="urn:oasis:names:tc:SAML:2.0:assertion"/>
        <saml:Attribute Name="nonce" NameFormat="urn:oasis:names:tc:SAML:2.0:attrname-format:basic" xmlns:saml="urn:oasis:names:tc:SAML:2.0:assertion"/>
        <saml:Attribute Name="cloud_instance_name" NameFormat="urn:oasis:names:tc:SAML:2.0:attrname-format:basic" xmlns:saml="urn:oasis:names:tc:SAML:2.0:assertion"/>
        <saml:Attribute Name="aud" NameFormat="urn:oasis:names:tc:SAML:2.0:attrname-format:basic" xmlns:saml="urn:oasis:names:tc:SAML:2.0:assertion"/>
        <saml:Attribute Name="acr" NameFormat="urn:oasis:names:tc:SAML:2.0:attrname-format:basic" xmlns:saml="urn:oasis:names:tc:SAML:2.0:assertion"/>
        <saml:Attribute Name="auth_time" NameFormat="urn:oasis:names:tc:SAML:2.0:attrname-format:basic" xmlns:saml="urn:oasis:names:tc:SAML:2.0:assertion"/>
        <saml:Attribute Name="nickname" NameFormat="urn:oasis:names:tc:SAML:2.0:attrname-format:basic" xmlns:saml="urn:oasis:names:tc:SAML:2.0:assertion"/>
        <saml:Attribute Name="exp" NameFormat="urn:oasis:names:tc:SAML:2.0:attrname-format:basic" xmlns:saml="urn:oasis:names:tc:SAML:2.0:assertion"/>
        <saml:Attribute Name="iat" NameFormat="urn:oasis:names:tc:SAML:2.0:attrname-format:basic" xmlns:saml="urn:oasis:names:tc:SAML:2.0:assertion"/>
        <saml:Attribute Name="family_name" NameFormat="urn:oasis:names:tc:SAML:2.0:attrname-format:basic" xmlns:saml="urn:oasis:names:tc:SAML:2.0:assertion"/>
        <saml:Attribute Name="email" NameFormat="urn:oasis:names:tc:SAML:2.0:attrname-format:basic" xmlns:saml="urn:oasis:names:tc:SAML:2.0:assertion"/>
    </md:IDPSSODescriptor>
    <md:RoleDescriptor protocolSupportEnumeration="OIDC" xsi:type="urn:PFOIDCRoleDescriptorType" xmlns:xsi="http://www.w3.org/2001/XMLSchema-instance">
        <md:Extensions>
            <urn:RoleExtension LastModified="2019-03-07T11:27:59.627Z"/>
        </md:Extensions>
        <urn:OpenIDConnectSettings>
            <urn:TokenEndpoint>https://login.microsoftonline.com/9fdbbf5f-6385-4569-9579-9b42bf1340b0/oauth2/token</urn:TokenEndpoint>
            <urn:JWKSUri>https://login.microsoftonline.com/common/discovery/keys</urn:JWKSUri>
            <urn:Scopes>openid</urn:Scopes>
            <urn:Profile>BASIC</urn:Profile>
            <urn:UserInfoEndpoint>https://login.microsoftonline.com/9fdbbf5f-6385-4569-9579-9b42bf1340b0/openid/userinfo</urn:UserInfoEndpoint>
            <urn:ClientID>a2d5980b-fe3e-4118-bb8c-0302cf109d85</urn:ClientID>
            <urn:ClientSecret>eyJhbGciOiJkaXIiLCJlbmMiOiJBMTI4Q0JDLUhTMjU2Iiwia2lkIjoiOTlCaHREakZ5VSIsInZlcnNpb24iOiI5LjIuMS4xIn0..95EWjIdGxG4YaHa1Qtzc2g.NmdM1nx_nVNggVOSpqYVs4SlhZXGyMDufGWMfIVYCnA.HpUiVTF2NCfy7m51Plc9Gg</urn:ClientSecret>
            <urn:BasicAuth>true</urn:BasicAuth>
            <urn:PrivateJwtAuth>false</urn:PrivateJwtAuth>
        </urn:OpenIDConnectSettings>
    </md:RoleDescriptor>
    <md:RoleDescriptor protocolSupportEnumeration="urn:oasis:names:tc:SAML:2.0:protocol" xsi:type="urn:PFAvailableCertsRoleDescriptorType" xmlns:xsi="http://www.w3.org/2001/XMLSchema-instance"/>
    <md:ContactPerson contactType="administrative"/>
</md:EntityDescriptor>