<?xml version="1.0" encoding="UTF-8"?>
<urn:OAuthConfig enableOAuth="true" authzCodeLength="30" authzCodeTimeout="60" rollRefreshTokens="false" rollingInterval="0" refreshTokenLength="42" atmIdForOAuthGrantManagement="" scopeForOAuthGrantManagement="" globalPersistentGrantExpirationTime="-1" globalPersistentGrantExpirationTimeUnit="d" globalPersistentGrantIdleTimeout="30" globalPersistentGrantIdleTimeoutTimeUnit="d" tokenEndpointBaseUrl="" userAuthzUrl="" registeredAuthzPath="" pendingAuthzTimeout="600" bypassActivationCodeConfirmation="false" devicePollingInterval="5" authzConsentSetting="INTERNAL" xmlns:urn="urn:pingidentity.com:pf:oauth:conf">
    <urn:UserKeyToAccessTokenMapping contextId="authz_req|apc.JEi5OaN5gi1EdQez" tokenManagerId="jwt">
        <urn1:AttributeMap Name="Username" Type="Authentication Policy Contract" Value="apc.subject" xmlns:urn1="urn:sourceid.org:saml2:metadata-extension:v2"/>
        <urn1:AttributeMap Name="OrgName" Type="Authentication Policy Contract" Value="apc.OrgName" xmlns:urn1="urn:sourceid.org:saml2:metadata-extension:v2"/>
        <urn1:TokenAuthorizationIssuanceCriteria xmlns:urn1="urn:sourceid.org:saml2:metadata-extension:v2"/>
    </urn:UserKeyToAccessTokenMapping>
    <urn:UserKeyToAccessTokenMapping contextId="default" tokenManagerId="jwt">
        <urn1:AttributeMap Name="Username" Type="Persistent Grant" Value="USER_KEY" xmlns:urn1="urn:sourceid.org:saml2:metadata-extension:v2"/>
        <urn1:AttributeMap Name="OrgName" Type="Text" Value="Ping Identity Corporation" xmlns:urn1="urn:sourceid.org:saml2:metadata-extension:v2"/>
        <urn1:TokenAuthorizationIssuanceCriteria xmlns:urn1="urn:sourceid.org:saml2:metadata-extension:v2"/>
    </urn:UserKeyToAccessTokenMapping>
    <urn:UserKeyToAccessTokenMapping contextId="default" tokenManagerId="ref">
        <urn1:AttributeMap Name="Username" Type="Persistent Grant" Value="USER_KEY" xmlns:urn1="urn:sourceid.org:saml2:metadata-extension:v2"/>
        <urn1:AttributeMap Name="OrgName" Type="Text" Value="Ping Identity Corporation" xmlns:urn1="urn:sourceid.org:saml2:metadata-extension:v2"/>
        <urn1:TokenAuthorizationIssuanceCriteria xmlns:urn1="urn:sourceid.org:saml2:metadata-extension:v2"/>
    </urn:UserKeyToAccessTokenMapping>
    <urn:UserKeyToAccessTokenMapping contextId="authz_req|apc.O8W8l0OSNuaLgfFd" tokenManagerId="ebJWT">
        <urn1:AttributeMap Name="sub" Type="Authentication Policy Contract" Value="apc.subject" xmlns:urn1="urn:sourceid.org:saml2:metadata-extension:v2"/>
        <urn1:AttributeMap Name="auth_level" Type="Authentication Policy Contract" Value="apc.auth_level" xmlns:urn1="urn:sourceid.org:saml2:metadata-extension:v2"/>
        <urn1:AttributeMap Name="eb_app_id" Type="Authentication Policy Contract" Value="apc.eb_app_id" xmlns:urn1="urn:sourceid.org:saml2:metadata-extension:v2"/>
        <urn1:TokenAuthorizationIssuanceCriteria xmlns:urn1="urn:sourceid.org:saml2:metadata-extension:v2"/>
    </urn:UserKeyToAccessTokenMapping>
    <urn:AdapterToUserKeyMapping sourcePluginId="HTMLFormSimplePCV">
        <urn1:AttributeMap Name="USER_NAME" Type="Adapter" Value="firstName" xmlns:urn1="urn:sourceid.org:saml2:metadata-extension:v2"/>
        <urn1:AttributeMap Name="USER_KEY" Type="Adapter" Value="username" xmlns:urn1="urn:sourceid.org:saml2:metadata-extension:v2"/>
        <urn1:TokenAuthorizationIssuanceCriteria xmlns:urn1="urn:sourceid.org:saml2:metadata-extension:v2"/>
    </urn:AdapterToUserKeyMapping>
    <urn:PasswordCredentialValidatorToUserKeyMapping sourcePluginId="UserPass">
        <urn1:AttributeMap Name="USER_KEY" Type="Password Credential Validator" Value="username" xmlns:urn1="urn:sourceid.org:saml2:metadata-extension:v2"/>
        <urn1:TokenAuthorizationIssuanceCriteria xmlns:urn1="urn:sourceid.org:saml2:metadata-extension:v2"/>
    </urn:PasswordCredentialValidatorToUserKeyMapping>
    <urn:ApcToUserKeyMapping sourcePluginId="JEi5OaN5gi1EdQez">
        <urn1:AttributeMap Name="USER_NAME" Type="Authentication Policy Contract" Value="OrgName" xmlns:urn1="urn:sourceid.org:saml2:metadata-extension:v2"/>
        <urn1:AttributeMap Name="USER_KEY" Type="Authentication Policy Contract" Value="subject" xmlns:urn1="urn:sourceid.org:saml2:metadata-extension:v2"/>
        <urn1:TokenAuthorizationIssuanceCriteria xmlns:urn1="urn:sourceid.org:saml2:metadata-extension:v2"/>
    </urn:ApcToUserKeyMapping>
    <urn:ApcToUserKeyMapping sourcePluginId="O8W8l0OSNuaLgfFd">
        <urn1:AttributeMap Name="USER_NAME" Type="Authentication Policy Contract" Value="subject" xmlns:urn1="urn:sourceid.org:saml2:metadata-extension:v2"/>
        <urn1:AttributeMap Name="USER_KEY" Type="Authentication Policy Contract" Value="subject" xmlns:urn1="urn:sourceid.org:saml2:metadata-extension:v2"/>
        <urn1:TokenAuthorizationIssuanceCriteria xmlns:urn1="urn:sourceid.org:saml2:metadata-extension:v2"/>
    </urn:ApcToUserKeyMapping>
    <urn:ClientCredentialsToAccessTokenMapping contextId="client_credentials" tokenManagerId="ebJWT">
        <urn1:AttributeMap Name="sub" Type="Context" Value="context.ClientId" xmlns:urn1="urn:sourceid.org:saml2:metadata-extension:v2"/>
        <urn1:AttributeMap Name="auth_level" Type="Text" Value="0" xmlns:urn1="urn:sourceid.org:saml2:metadata-extension:v2"/>
        <urn1:AttributeMap Name="eb_app_id" Type="Expression" Value="#hash = #this.get(&quot;context.ClientId&quot;).toString().hashCode(), #timeStamp = new java.util.Date().getTime(), #uid = new java.util.UUID(#timeStamp, new java.lang.Integer(#hash).longValue())" xmlns:urn1="urn:sourceid.org:saml2:metadata-extension:v2"/>
        <urn1:TokenAuthorizationIssuanceCriteria xmlns:urn1="urn:sourceid.org:saml2:metadata-extension:v2"/>
    </urn:ClientCredentialsToAccessTokenMapping>
    <urn:ReuseExistingPersistentGrantForGrant>implicit</urn:ReuseExistingPersistentGrantForGrant>
</urn:OAuthConfig>