<?xml version="1.0" encoding="UTF-8"?>
<urn:OpenIdConnectProviderPolicy enabled="true" defaultPolicyGroupId="OAuthPlayground" trackUserSessionsForLogout="false" xmlns:urn="urn:pingidentity.com:pf:openid:connect:idp:policy">
    <urn:ProviderPolicyGroup policyId="OAuthPlayground" idTokenLife="5" includeSriInIdToken="false" includeUserInfoInIdToken="false" includeSHashInIdToken="false" policyName="OAuthPlayground" accessTokenManagerId="jwt">
        <urn:UserInfoMapping>
            <urn1:AttributeMap Name="sub" Type="Token" Value="Username" xmlns:urn1="urn:sourceid.org:saml2:metadata-extension:v2"/>
            <urn1:AttributeMap Name="zoneinfo" Type="Text" Value="America/New_York" xmlns:urn1="urn:sourceid.org:saml2:metadata-extension:v2"/>
            <urn1:AttributeMap Name="address.locality" Type="Text" Value="Smallville" xmlns:urn1="urn:sourceid.org:saml2:metadata-extension:v2"/>
            <urn1:AttributeMap Name="birthdate" Type="Text" Value="1977-12-31" xmlns:urn1="urn:sourceid.org:saml2:metadata-extension:v2"/>
            <urn1:AttributeMap Name="gender" Type="Text" Value="female" xmlns:urn1="urn:sourceid.org:saml2:metadata-extension:v2"/>
            <urn1:AttributeMap Name="preferred_username" Type="Text" Value="mgsample" xmlns:urn1="urn:sourceid.org:saml2:metadata-extension:v2"/>
            <urn1:AttributeMap Name="locale" Type="Text" Value="en_US" xmlns:urn1="urn:sourceid.org:saml2:metadata-extension:v2"/>
            <urn1:AttributeMap Name="address.country" Type="Text" Value="USA" xmlns:urn1="urn:sourceid.org:saml2:metadata-extension:v2"/>
            <urn1:AttributeMap Name="updated_at" Type="Text" Value="2011-01-03T23:58:42+0000" xmlns:urn1="urn:sourceid.org:saml2:metadata-extension:v2"/>
            <urn1:AttributeMap Name="address.postal_code" Type="Text" Value="11223" xmlns:urn1="urn:sourceid.org:saml2:metadata-extension:v2"/>
            <urn1:AttributeMap Name="address.region" Type="Text" Value="ME" xmlns:urn1="urn:sourceid.org:saml2:metadata-extension:v2"/>
            <urn1:AttributeMap Name="nickname" Type="Text" Value="Name" xmlns:urn1="urn:sourceid.org:saml2:metadata-extension:v2"/>
            <urn1:AttributeMap Name="email" Type="Text" Value="auser@example.com" xmlns:urn1="urn:sourceid.org:saml2:metadata-extension:v2"/>
            <urn1:AttributeMap Name="website" Type="Text" Value="https://www.pingidentity.com/" xmlns:urn1="urn:sourceid.org:saml2:metadata-extension:v2"/>
            <urn1:AttributeMap Name="email_verified" Type="Text" Value="true" xmlns:urn1="urn:sourceid.org:saml2:metadata-extension:v2"/>
            <urn1:AttributeMap Name="profile" Type="Text" Value="https://www.pingidentity.com/products/pingfederate/" xmlns:urn1="urn:sourceid.org:saml2:metadata-extension:v2"/>
            <urn1:AttributeMap Name="phone_number_verified" Type="Text" Value="true" xmlns:urn1="urn:sourceid.org:saml2:metadata-extension:v2"/>
            <urn1:AttributeMap Name="given_name" Type="Text" Value="Mary" xmlns:urn1="urn:sourceid.org:saml2:metadata-extension:v2"/>
            <urn1:AttributeMap Name="middle_name" Type="Text" Value="Good" xmlns:urn1="urn:sourceid.org:saml2:metadata-extension:v2"/>
            <urn1:AttributeMap Name="picture" Type="Text" Value="https://www.pingidentity.com/images/ping-logo.png" xmlns:urn1="urn:sourceid.org:saml2:metadata-extension:v2"/>
            <urn1:AttributeMap Name="name" Type="Text" Value="Mary Good Sample" xmlns:urn1="urn:sourceid.org:saml2:metadata-extension:v2"/>
            <urn1:AttributeMap Name="phone_number" Type="Text" Value="(555) 555-5555" xmlns:urn1="urn:sourceid.org:saml2:metadata-extension:v2"/>
            <urn1:AttributeMap Name="address.formatted" Type="Text" Value="123 Main Street, Smallville, ME USA 11223" xmlns:urn1="urn:sourceid.org:saml2:metadata-extension:v2"/>
            <urn1:AttributeMap Name="family_name" Type="Text" Value="Sample" xmlns:urn1="urn:sourceid.org:saml2:metadata-extension:v2"/>
            <urn1:AttributeMap Name="address.street_address" Type="Text" Value="123 Main Street" xmlns:urn1="urn:sourceid.org:saml2:metadata-extension:v2"/>
            <urn1:TokenAuthorizationIssuanceCriteria xmlns:urn1="urn:sourceid.org:saml2:metadata-extension:v2"/>
        </urn:UserInfoMapping>
        <urn:scopeAttributesMap/>
        <urn:attributeContractInclusionMap/>
    </urn:ProviderPolicyGroup>
    <urn:ProviderPolicyGroup policyId="EverydayBankingOIDC" idTokenLife="5" includeSriInIdToken="false" includeUserInfoInIdToken="false" includeSHashInIdToken="false" policyName="Everyday Banking OIDC" accessTokenManagerId="ebJWT">
        <urn:UserInfoMapping>
            <urn1:AttributeMap Name="sub" Type="Token" Value="sub" xmlns:urn1="urn:sourceid.org:saml2:metadata-extension:v2"/>
            <urn1:AttributeMap Name="phone_number" Type="LDAP" AttributeSourceId="PingDirectory" Value="telephoneNumber" xmlns:urn1="urn:sourceid.org:saml2:metadata-extension:v2"/>
            <urn1:AttributeMap Name="given_name" Type="LDAP" AttributeSourceId="PingDirectory" Value="cn" xmlns:urn1="urn:sourceid.org:saml2:metadata-extension:v2"/>
            <urn1:AttributeMap Name="family_name" Type="LDAP" AttributeSourceId="PingDirectory" Value="sn" xmlns:urn1="urn:sourceid.org:saml2:metadata-extension:v2"/>
            <urn1:AttributeMap Name="email" Type="LDAP" AttributeSourceId="PingDirectory" Value="mail" xmlns:urn1="urn:sourceid.org:saml2:metadata-extension:v2"/>
            <urn1:AttributeSource Id="PingDirectory" Description="PingDirectory" Type="LDAP" DataSourceId="LDAP-5747BAE284C8C6D55D534E2B2585473236AA3B08" xmlns:urn1="urn:sourceid.org:saml2:metadata-extension:v2">
                <urn1:Parameter Name="filter" Value="uid=${sub}"/>
                <urn1:Parameter Name="search_base" Value="ou=people,dc=apt,dc=com"/>
                <urn1:Parameter Name="search_scope" Value="SUBTREE_SCOPE"/>
                <urn1:Parameter Name="memberof_nested_group" Value="false"/>
            </urn1:AttributeSource>
            <urn1:TokenAuthorizationIssuanceCriteria xmlns:urn1="urn:sourceid.org:saml2:metadata-extension:v2"/>
        </urn:UserInfoMapping>
        <urn:scopeAttributesMap>
            <urn:item>
                <urn:key>openid</urn:key>
                <urn:value>email family_name given_name phone_number</urn:value>
            </urn:item>
        </urn:scopeAttributesMap>
        <urn:attributeContractInclusionMap>
            <urn:item>
                <urn:key>phone_number</urn:key>
                <urn:value includeInIdToken="true" includeInUserInfo="true"/>
            </urn:item>
            <urn:item>
                <urn:key>given_name</urn:key>
                <urn:value includeInIdToken="true" includeInUserInfo="true"/>
            </urn:item>
            <urn:item>
                <urn:key>family_name</urn:key>
                <urn:value includeInIdToken="true" includeInUserInfo="true"/>
            </urn:item>
            <urn:item>
                <urn:key>email</urn:key>
                <urn:value includeInIdToken="true" includeInUserInfo="true"/>
            </urn:item>
        </urn:attributeContractInclusionMap>
    </urn:ProviderPolicyGroup>
</urn:OpenIdConnectProviderPolicy>