<?xml version="1.0" encoding="UTF-8"?>
<ldap:ldap-sources xmlns:ldap="http://pingidentity.com/2004/09/ldap-ds">
    <ldap:ldap-source id="LDAP-5747BAE284C8C6D55D534E2B2585473236AA3B08" maskAttributeValues="false" ldapType="PingDirectory" ldapTypeDesc="PingDirectory" testOnBorrow="false" testOnReturn="false" createIfNecessary="true" minIdle="10" maxActive="100" maxWait="-1" timeBetweenEvictionRunsMillis="60000" readTimeoutMillis="3000" connTimeoutMillis="3000" verifyHost="true" dnsTtlMillis="60000" ldapDnsSrvPrefix="_ldap._tcp" ldapsDnsSrvPrefix="_ldaps._tcp">
        <ldap:host>apt-pf92.ukwest.cloudapp.azure.com:1389</ldap:host>
        <ldap:principal>cn=Directory Manager</ldap:principal>
        <ldap:use-ssl>false</ldap:use-ssl>
        <ldap:use-dns-srv-records>false</ldap:use-dns-srv-records>
        <ldap:credentials>eyJhbGciOiJkaXIiLCJlbmMiOiJBMTI4Q0JDLUhTMjU2Iiwia2lkIjoiOTlCaHREakZ5VSIsInZlcnNpb24iOiI5LjIuMS4xIn0..inuEMzKEEaLdTtfcJ838Zg.uEuqnsIpqs9aoTokqOMpOeNAxzWPz9A1noHkpVET9Ng.ud-jik--eRASDvDEIVwJkg</ldap:credentials>
        <ldap:authenticationMeth>simple</ldap:authenticationMeth>
        <ldap:description>PingDirectory</ldap:description>
        <ldap:name>PingDirectory</ldap:name>
        <ldap:binaryAttributes/>
    </ldap:ldap-source>
</ldap:ldap-sources>