<?xml version="1.0" encoding="UTF-8"?>
<datasources>
    <local-tx-datasource maskAttributeValues="false">
        <description>ProvisionerDS (sa)</description>
        <name>ProvisionerDS (sa)</name>
        <jndi-name>ProvisionerDS</jndi-name>
        <connection-url>jdbc:hsqldb:${pf.server.data.dir}${/}hypersonic${/}ProvisionerDefaultDB;hsqldb.lock_file=false</connection-url>
        <driver-class>org.hsqldb.jdbcDriver</driver-class>
        <user-name>sa</user-name>
        <password>eyJhbGciOiJkaXIiLCJlbmMiOiJBMTI4Q0JDLUhTMjU2Iiwia2lkIjoiOTlCaHREakZ5VSIsInZlcnNpb24iOiI5LjIuMS4xIn0..0H7wYHQTG5dNzOxwvKcFDQ.UVLVS1ijj5WepLfUklW4Ng.DtUwGs_Tj4Xz9MtJAFlcPw</password>
        <ping-db-type>Custom</ping-db-type>
        <allow-multi-value-attributes>false</allow-multi-value-attributes>
    </local-tx-datasource>
</datasources>