<?xml version="1.0" encoding="UTF-8"?>
<sk:systemKeys xmlns:sk="http://pingidentity.com/2018/01/system-keys">
    <sk:currentKey>
        <sk:key>eyJhbGciOiJkaXIiLCJlbmMiOiJBMTI4Q0JDLUhTMjU2Iiwia2lkIjoiOTlCaHREakZ5VSIsInZlcnNpb24iOiI5LjIuMS4xIiwiemlwIjoiREVGIn0..b3WQAD8nM8DfE3EoIwN6IQ.vNSDOcZtmQdATWbGw0Z2kiCTlfRefl7p-_qmAcedG72AV2jdb-nZJGIk2Caqop9d.z0prKaXJqdTOZNqV-rphtA</sk:key>
        <sk:generatedTime>2019-03-01T12:06:14.747Z</sk:generatedTime>
    </sk:currentKey>
    <sk:previousKey xsi:nil="true" xmlns:xsi="http://www.w3.org/2001/XMLSchema-instance"/>
    <sk:pendingKey>
        <sk:key>eyJhbGciOiJkaXIiLCJlbmMiOiJBMTI4Q0JDLUhTMjU2Iiwia2lkIjoiOTlCaHREakZ5VSIsInZlcnNpb24iOiI5LjIuMS4xIiwiemlwIjoiREVGIn0..ZplyEMSRStyWTqYCri9tdg.lKl9dR27WF7BCq3KUfIOOx1Huv1flD2B771tqvarM_-aLgUpBLApHDlYxqHIN9Lb.ccGGI9Ld1YEKhymCYEQvng</sk:key>
        <sk:generatedTime>2019-03-01T12:06:14.748Z</sk:generatedTime>
    </sk:pendingKey>
</sk:systemKeys>