<?xml version="1.0" encoding="UTF-8"?>
<urn:AuthnSelectionConfig lastModifiedMillis="1552660115401" enableAuthnSelection="true" enableSpAuthnSelection="false" failIfNoSelection="false" xmlns:urn="urn:pingidentity.com:pf:authn-selection">
    <urn:AuthnSelectionTrees>
        <urn:AuthnSelectionTree treeName="MFA Step-up" disabled="false">
            <urn:AstRoot context="">
                <urn:AstAction authnSelectorId="MFASelector" xsi:type="urn:AuthnSelectorActionType" xmlns:xsi="http://www.w3.org/2001/XMLSchema-instance"/>
                <urn:AstChild context="2">
                    <urn:AstAction xsi:type="urn:AuthnSourceActionType" xmlns:xsi="http://www.w3.org/2001/XMLSchema-instance">
                        <urn:AuthnSourceKey type="ADAPTER">HTMLFormSimplePCV</urn:AuthnSourceKey>
                        <urn:fallbackToSuccess>true</urn:fallbackToSuccess>
                        <urn:attributeRule>
                            <urn:IncomingAttr>policy.action</urn:IncomingAttr>
                            <urn:Operand>EQUALS_CASE_INSENSITIVE</urn:Operand>
                            <urn:ExpectedValue>google</urn:ExpectedValue>
                            <urn:Result>GOOGLE</urn:Result>
                        </urn:attributeRule>
                        <urn:attributeRule>
                            <urn:IncomingAttr>policy.action</urn:IncomingAttr>
                            <urn:Operand>EQUALS_CASE_INSENSITIVE</urn:Operand>
                            <urn:ExpectedValue>microsoft</urn:ExpectedValue>
                            <urn:Result>MICROSOFT</urn:Result>
                        </urn:attributeRule>
                    </urn:AstAction>
                    <urn:AstChild context="Fail">
                        <urn:AstAction noOpType="DONE" xsi:type="urn:NoOpActionType" xmlns:xsi="http://www.w3.org/2001/XMLSchema-instance"/>
                    </urn:AstChild>
                    <urn:AstChild context="GOOGLE">
                        <urn:AstAction xsi:type="urn:AuthnSourceActionType" xmlns:xsi="http://www.w3.org/2001/XMLSchema-instance">
                            <urn:AuthnSourceKey type="IDP_CONN">m2ESB33yT_dsHOsujwFIu9l.Vx7</urn:AuthnSourceKey>
                            <urn:fallbackToSuccess>true</urn:fallbackToSuccess>
                        </urn:AstAction>
                        <urn:AstChild context="Fail">
                            <urn:AstAction noOpType="DONE" xsi:type="urn:NoOpActionType" xmlns:xsi="http://www.w3.org/2001/XMLSchema-instance"/>
                        </urn:AstChild>
                        <urn:AstChild context="Success">
                            <urn:AstAction apcId="O8W8l0OSNuaLgfFd" xsi:type="urn:ApcMappingActionType" xmlns:xsi="http://www.w3.org/2001/XMLSchema-instance">
                                <urn:AttributeMapping>
                                    <urn1:AttributeMap Name="auth_level" Type="Expression" Value="#this.get(&quot;ds.AML.isLaunderer&quot;).getValue().equals(&quot;false&quot;)?&quot;2&quot;:&quot;1&quot;" xmlns:urn1="urn:sourceid.org:saml2:metadata-extension:v2"/>
                                    <urn1:AttributeMap Name="subject" Type="IdP Connection" AttributeSourceId="m2ESB33yT_dsHOsujwFIu9l.Vx7" Value="sub" xmlns:urn1="urn:sourceid.org:saml2:metadata-extension:v2"/>
                                    <urn1:AttributeMap Name="eb_app_id" Type="LDAP" AttributeSourceId="PingDirectory" Value="ebAppID" xmlns:urn1="urn:sourceid.org:saml2:metadata-extension:v2"/>
                                    <urn1:AttributeSource Id="PingDirectory" Description="PingDirectory" Type="LDAP" DataSourceId="LDAP-5747BAE284C8C6D55D534E2B2585473236AA3B08" xmlns:urn1="urn:sourceid.org:saml2:metadata-extension:v2">
                                        <urn1:Parameter Name="filter" Value="uid=${idp.https://accounts.google.com.sub}"/>
                                        <urn1:Parameter Name="search_base" Value="ou=people,dc=apt,dc=com"/>
                                        <urn1:Parameter Name="search_scope" Value="SUBTREE_SCOPE"/>
                                        <urn1:Parameter Name="memberof_nested_group" Value="false"/>
                                    </urn1:AttributeSource>
                                    <urn1:AttributeSource Id="AML" Description="AML" Type="Other" DataSourceId="Other-B42AE7854B7272CD5B255720960B023DCA619A43" xmlns:urn1="urn:sourceid.org:saml2:metadata-extension:v2">
                                        <urn1:Parameter Name="HTTP Body Parameters" Value=""/>
                                        <urn1:Parameter Name="HTTP Parameters" Value="${ds.PingDirectory.ebAppID}"/>
                                    </urn1:AttributeSource>
                                    <urn1:TokenAuthorizationIssuanceCriteria xmlns:urn1="urn:sourceid.org:saml2:metadata-extension:v2"/>
                                </urn:AttributeMapping>
                            </urn:AstAction>
                        </urn:AstChild>
                    </urn:AstChild>
                    <urn:AstChild context="MICROSOFT">
                        <urn:AstAction xsi:type="urn:AuthnSourceActionType" xmlns:xsi="http://www.w3.org/2001/XMLSchema-instance">
                            <urn:AuthnSourceKey type="IDP_CONN">nc4gNg-dV-.GUx.Ax4jX_Mynb5Y</urn:AuthnSourceKey>
                            <urn:fallbackToSuccess>true</urn:fallbackToSuccess>
                        </urn:AstAction>
                        <urn:AstChild context="Fail">
                            <urn:AstAction noOpType="DONE" xsi:type="urn:NoOpActionType" xmlns:xsi="http://www.w3.org/2001/XMLSchema-instance"/>
                        </urn:AstChild>
                        <urn:AstChild context="Success">
                            <urn:AstAction apcId="O8W8l0OSNuaLgfFd" xsi:type="urn:ApcMappingActionType" xmlns:xsi="http://www.w3.org/2001/XMLSchema-instance">
                                <urn:AttributeMapping>
                                    <urn1:AttributeMap Name="auth_level" Type="Expression" Value="#this.get(&quot;ds.AML.isLaunderer&quot;).getValue().equals(&quot;false&quot;)?&quot;2&quot;:&quot;1&quot;" xmlns:urn1="urn:sourceid.org:saml2:metadata-extension:v2"/>
                                    <urn1:AttributeMap Name="subject" Type="IdP Connection" AttributeSourceId="nc4gNg-dV-.GUx.Ax4jX_Mynb5Y" Value="sub" xmlns:urn1="urn:sourceid.org:saml2:metadata-extension:v2"/>
                                    <urn1:AttributeMap Name="eb_app_id" Type="LDAP" AttributeSourceId="PingDirectory" Value="ebAppID" xmlns:urn1="urn:sourceid.org:saml2:metadata-extension:v2"/>
                                    <urn1:AttributeSource Id="PingDirectory" Description="PingDirectory" Type="LDAP" DataSourceId="LDAP-5747BAE284C8C6D55D534E2B2585473236AA3B08" xmlns:urn1="urn:sourceid.org:saml2:metadata-extension:v2">
                                        <urn1:Parameter Name="filter" Value="uid=${idp.https://sts.windows.net/9fdbbf5f-6385-4569-9579-9b42bf1340b0/.sub}"/>
                                        <urn1:Parameter Name="search_base" Value="ou=people,dc=apt,dc=com"/>
                                        <urn1:Parameter Name="search_scope" Value="SUBTREE_SCOPE"/>
                                        <urn1:Parameter Name="memberof_nested_group" Value="false"/>
                                    </urn1:AttributeSource>
                                    <urn1:AttributeSource Id="AML" Description="AML" Type="Other" DataSourceId="Other-B42AE7854B7272CD5B255720960B023DCA619A43" xmlns:urn1="urn:sourceid.org:saml2:metadata-extension:v2">
                                        <urn1:Parameter Name="HTTP Body Parameters" Value=""/>
                                        <urn1:Parameter Name="HTTP Parameters" Value="${ds.PingDirectory.ebAppID}"/>
                                    </urn1:AttributeSource>
                                    <urn1:TokenAuthorizationIssuanceCriteria xmlns:urn1="urn:sourceid.org:saml2:metadata-extension:v2"/>
                                </urn:AttributeMapping>
                            </urn:AstAction>
                        </urn:AstChild>
                    </urn:AstChild>
                    <urn:AstChild context="Success">
                        <urn:AstAction xsi:type="urn:AuthnSourceActionType" xmlns:xsi="http://www.w3.org/2001/XMLSchema-instance">
                            <urn:AuthnSourceKey type="ADAPTER">PingIDMFA</urn:AuthnSourceKey>
                            <urn:fallbackToSuccess>true</urn:fallbackToSuccess>
                            <urn:InputIdMapping Type="Adapter" AttributeSourceId="HTMLFormSimplePCV" Value="username"/>
                        </urn:AstAction>
                        <urn:AstChild context="Fail">
                            <urn:AstAction noOpType="DONE" xsi:type="urn:NoOpActionType" xmlns:xsi="http://www.w3.org/2001/XMLSchema-instance"/>
                        </urn:AstChild>
                        <urn:AstChild context="Success">
                            <urn:AstAction apcId="O8W8l0OSNuaLgfFd" xsi:type="urn:ApcMappingActionType" xmlns:xsi="http://www.w3.org/2001/XMLSchema-instance">
                                <urn:AttributeMapping>
                                    <urn1:AttributeMap Name="auth_level" Type="Expression" Value="#this.get(&quot;ds.AML.isLaunderer&quot;).getValue().equals(&quot;false&quot;)?&quot;2&quot;:&quot;1&quot;" xmlns:urn1="urn:sourceid.org:saml2:metadata-extension:v2"/>
                                    <urn1:AttributeMap Name="subject" Type="Adapter" AttributeSourceId="HTMLFormSimplePCV" Value="username" xmlns:urn1="urn:sourceid.org:saml2:metadata-extension:v2"/>
                                    <urn1:AttributeMap Name="eb_app_id" Type="Adapter" AttributeSourceId="HTMLFormSimplePCV" Value="ebAppID" xmlns:urn1="urn:sourceid.org:saml2:metadata-extension:v2"/>
                                    <urn1:AttributeSource Id="AML" Description="AML" Type="Other" DataSourceId="Other-B42AE7854B7272CD5B255720960B023DCA619A43" xmlns:urn1="urn:sourceid.org:saml2:metadata-extension:v2">
                                        <urn1:Parameter Name="HTTP Body Parameters" Value=""/>
                                        <urn1:Parameter Name="HTTP Parameters" Value="${ad.HTMLFormSimplePCV.ebAppID}"/>
                                    </urn1:AttributeSource>
                                    <urn1:TokenAuthorizationIssuanceCriteria xmlns:urn1="urn:sourceid.org:saml2:metadata-extension:v2"/>
                                </urn:AttributeMapping>
                            </urn:AstAction>
                        </urn:AstChild>
                    </urn:AstChild>
                </urn:AstChild>
            </urn:AstRoot>
        </urn:AuthnSelectionTree>
        <urn:AuthnSelectionTree treeName="Delegated Access" disabled="false">
            <urn:AstRoot context="">
                <urn:AstAction authnSelectorId="DelegatedAccessSelector" xsi:type="urn:AuthnSelectorActionType" xmlns:xsi="http://www.w3.org/2001/XMLSchema-instance"/>
                <urn:AstChild context="No">
                    <urn:AstAction noOpType="CONTINUE" xsi:type="urn:NoOpActionType" xmlns:xsi="http://www.w3.org/2001/XMLSchema-instance"/>
                </urn:AstChild>
                <urn:AstChild context="Yes">
                    <urn:AstAction xsi:type="urn:AuthnSourceActionType" xmlns:xsi="http://www.w3.org/2001/XMLSchema-instance">
                        <urn:AuthnSourceKey type="ADAPTER">HTMLFormSimplePCV</urn:AuthnSourceKey>
                        <urn:fallbackToSuccess>true</urn:fallbackToSuccess>
                    </urn:AstAction>
                    <urn:AstChild context="Fail">
                        <urn:AstAction noOpType="DONE" xsi:type="urn:NoOpActionType" xmlns:xsi="http://www.w3.org/2001/XMLSchema-instance"/>
                    </urn:AstChild>
                    <urn:AstChild context="Success">
                        <urn:AstAction xsi:type="urn:AuthnSourceActionType" xmlns:xsi="http://www.w3.org/2001/XMLSchema-instance">
                            <urn:AuthnSourceKey type="ADAPTER">SelectDelegation</urn:AuthnSourceKey>
                            <urn:fallbackToSuccess>true</urn:fallbackToSuccess>
                            <urn:InputIdMapping Type="Adapter" AttributeSourceId="HTMLFormSimplePCV" Value="username"/>
                        </urn:AstAction>
                        <urn:AstChild context="Fail">
                            <urn:AstAction noOpType="DONE" xsi:type="urn:NoOpActionType" xmlns:xsi="http://www.w3.org/2001/XMLSchema-instance"/>
                        </urn:AstChild>
                        <urn:AstChild context="Success">
                            <urn:AstAction apcId="JEi5OaN5gi1EdQez" xsi:type="urn:ApcMappingActionType" xmlns:xsi="http://www.w3.org/2001/XMLSchema-instance">
                                <urn:AttributeMapping>
                                    <urn1:AttributeMap Name="subject" Type="Adapter" AttributeSourceId="SelectDelegation" Value="subject" xmlns:urn1="urn:sourceid.org:saml2:metadata-extension:v2"/>
                                    <urn1:AttributeMap Name="OrgName" Type="Adapter" AttributeSourceId="SelectDelegation" Value="delegatedDN" xmlns:urn1="urn:sourceid.org:saml2:metadata-extension:v2"/>
                                    <urn1:TokenAuthorizationIssuanceCriteria xmlns:urn1="urn:sourceid.org:saml2:metadata-extension:v2"/>
                                </urn:AttributeMapping>
                            </urn:AstAction>
                        </urn:AstChild>
                    </urn:AstChild>
                </urn:AstChild>
            </urn:AstRoot>
        </urn:AuthnSelectionTree>
        <urn:AuthnSelectionTree treeName="Everyday Banking Login" disabled="false">
            <urn:AstRoot context="">
                <urn:AstAction xsi:type="urn:AuthnSourceActionType" xmlns:xsi="http://www.w3.org/2001/XMLSchema-instance">
                    <urn:AuthnSourceKey type="ADAPTER">HTMLFormSimplePCV</urn:AuthnSourceKey>
                    <urn:fallbackToSuccess>true</urn:fallbackToSuccess>
                    <urn:attributeRule>
                        <urn:IncomingAttr>policy.action</urn:IncomingAttr>
                        <urn:Operand>EQUALS_CASE_INSENSITIVE</urn:Operand>
                        <urn:ExpectedValue>identity.registration</urn:ExpectedValue>
                        <urn:Result>REGISTER</urn:Result>
                    </urn:attributeRule>
                    <urn:attributeRule>
                        <urn:IncomingAttr>policy.action</urn:IncomingAttr>
                        <urn:Operand>EQUALS_CASE_INSENSITIVE</urn:Operand>
                        <urn:ExpectedValue>google</urn:ExpectedValue>
                        <urn:Result>GOOGLE</urn:Result>
                    </urn:attributeRule>
                    <urn:attributeRule>
                        <urn:IncomingAttr>policy.action</urn:IncomingAttr>
                        <urn:Operand>EQUALS_CASE_INSENSITIVE</urn:Operand>
                        <urn:ExpectedValue>microsoft</urn:ExpectedValue>
                        <urn:Result>MICROSOFT</urn:Result>
                    </urn:attributeRule>
                </urn:AstAction>
                <urn:AstChild context="Fail">
                    <urn:AstAction noOpType="DONE" xsi:type="urn:NoOpActionType" xmlns:xsi="http://www.w3.org/2001/XMLSchema-instance"/>
                </urn:AstChild>
                <urn:AstChild context="REGISTER">
                    <urn:AstAction lipId="E7WoliqA28CLW9Vk" xsi:type="urn:LocalIdentityMappingActionType" xmlns:xsi="http://www.w3.org/2001/XMLSchema-instance">
                        <urn:InboundAttributeMapping>
                            <urn1:AttributeMap Name="ebAppID" Type="Tracked HTTP Parameters" AttributeSourceId="trackedparams" Value="eb_app_id" xmlns:urn1="urn:sourceid.org:saml2:metadata-extension:v2"/>
                            <urn1:TokenAuthorizationIssuanceCriteria xmlns:urn1="urn:sourceid.org:saml2:metadata-extension:v2"/>
                        </urn:InboundAttributeMapping>
                        <urn:OutboundAttributeMapping>
                            <urn1:AttributeMap Name="auth_level" Type="Text" Value="1" xmlns:urn1="urn:sourceid.org:saml2:metadata-extension:v2"/>
                            <urn1:AttributeMap Name="subject" Type="Local Account" AttributeSourceId="E7WoliqA28CLW9Vk" Value="email" xmlns:urn1="urn:sourceid.org:saml2:metadata-extension:v2"/>
                            <urn1:AttributeMap Name="eb_app_id" Type="Local Account" AttributeSourceId="E7WoliqA28CLW9Vk" Value="ebAppID" xmlns:urn1="urn:sourceid.org:saml2:metadata-extension:v2"/>
                            <urn1:TokenAuthorizationIssuanceCriteria xmlns:urn1="urn:sourceid.org:saml2:metadata-extension:v2"/>
                        </urn:OutboundAttributeMapping>
                    </urn:AstAction>
                </urn:AstChild>
                <urn:AstChild context="GOOGLE">
                    <urn:AstAction xsi:type="urn:AuthnSourceActionType" xmlns:xsi="http://www.w3.org/2001/XMLSchema-instance">
                        <urn:AuthnSourceKey type="IDP_CONN">m2ESB33yT_dsHOsujwFIu9l.Vx7</urn:AuthnSourceKey>
                        <urn:fallbackToSuccess>true</urn:fallbackToSuccess>
                    </urn:AstAction>
                    <urn:AstChild context="Fail">
                        <urn:AstAction noOpType="DONE" xsi:type="urn:NoOpActionType" xmlns:xsi="http://www.w3.org/2001/XMLSchema-instance"/>
                    </urn:AstChild>
                    <urn:AstChild context="Success">
                        <urn:AstAction lipId="E7WoliqA28CLW9Vk" xsi:type="urn:LocalIdentityMappingActionType" xmlns:xsi="http://www.w3.org/2001/XMLSchema-instance">
                            <urn:InboundAttributeMapping>
                                <urn1:AttributeMap Name="lastName" Type="IdP Connection" AttributeSourceId="m2ESB33yT_dsHOsujwFIu9l.Vx7" Value="family_name" xmlns:urn1="urn:sourceid.org:saml2:metadata-extension:v2"/>
                                <urn1:AttributeMap Name="firstName" Type="IdP Connection" AttributeSourceId="m2ESB33yT_dsHOsujwFIu9l.Vx7" Value="given_name" xmlns:urn1="urn:sourceid.org:saml2:metadata-extension:v2"/>
                                <urn1:AttributeMap Name="ebAppID" Type="Tracked HTTP Parameters" AttributeSourceId="trackedparams" Value="eb_app_id" xmlns:urn1="urn:sourceid.org:saml2:metadata-extension:v2"/>
                                <urn1:AttributeMap Name="pf.local.identity.unique.id" Type="IdP Connection" AttributeSourceId="m2ESB33yT_dsHOsujwFIu9l.Vx7" Value="sub" xmlns:urn1="urn:sourceid.org:saml2:metadata-extension:v2"/>
                                <urn1:AttributeMap Name="userid" Type="IdP Connection" AttributeSourceId="m2ESB33yT_dsHOsujwFIu9l.Vx7" Value="sub" xmlns:urn1="urn:sourceid.org:saml2:metadata-extension:v2"/>
                                <urn1:AttributeMap Name="email" Type="IdP Connection" AttributeSourceId="m2ESB33yT_dsHOsujwFIu9l.Vx7" Value="email" xmlns:urn1="urn:sourceid.org:saml2:metadata-extension:v2"/>
                                <urn1:TokenAuthorizationIssuanceCriteria xmlns:urn1="urn:sourceid.org:saml2:metadata-extension:v2"/>
                            </urn:InboundAttributeMapping>
                            <urn:OutboundAttributeMapping>
                                <urn1:AttributeMap Name="auth_level" Type="Text" Value="1" xmlns:urn1="urn:sourceid.org:saml2:metadata-extension:v2"/>
                                <urn1:AttributeMap Name="subject" Type="IdP Connection" AttributeSourceId="m2ESB33yT_dsHOsujwFIu9l.Vx7" Value="sub" xmlns:urn1="urn:sourceid.org:saml2:metadata-extension:v2"/>
                                <urn1:AttributeMap Name="eb_app_id" Type="Tracked HTTP Parameters" AttributeSourceId="trackedparams" Value="eb_app_id" xmlns:urn1="urn:sourceid.org:saml2:metadata-extension:v2"/>
                                <urn1:TokenAuthorizationIssuanceCriteria xmlns:urn1="urn:sourceid.org:saml2:metadata-extension:v2"/>
                            </urn:OutboundAttributeMapping>
                        </urn:AstAction>
                    </urn:AstChild>
                </urn:AstChild>
                <urn:AstChild context="MICROSOFT">
                    <urn:AstAction xsi:type="urn:AuthnSourceActionType" xmlns:xsi="http://www.w3.org/2001/XMLSchema-instance">
                        <urn:AuthnSourceKey type="IDP_CONN">nc4gNg-dV-.GUx.Ax4jX_Mynb5Y</urn:AuthnSourceKey>
                        <urn:fallbackToSuccess>true</urn:fallbackToSuccess>
                    </urn:AstAction>
                    <urn:AstChild context="Fail">
                        <urn:AstAction noOpType="DONE" xsi:type="urn:NoOpActionType" xmlns:xsi="http://www.w3.org/2001/XMLSchema-instance"/>
                    </urn:AstChild>
                    <urn:AstChild context="Success">
                        <urn:AstAction lipId="E7WoliqA28CLW9Vk" xsi:type="urn:LocalIdentityMappingActionType" xmlns:xsi="http://www.w3.org/2001/XMLSchema-instance">
                            <urn:InboundAttributeMapping>
                                <urn1:AttributeMap Name="lastName" Type="IdP Connection" AttributeSourceId="nc4gNg-dV-.GUx.Ax4jX_Mynb5Y" Value="family_name" xmlns:urn1="urn:sourceid.org:saml2:metadata-extension:v2"/>
                                <urn1:AttributeMap Name="firstName" Type="IdP Connection" AttributeSourceId="nc4gNg-dV-.GUx.Ax4jX_Mynb5Y" Value="given_name" xmlns:urn1="urn:sourceid.org:saml2:metadata-extension:v2"/>
                                <urn1:AttributeMap Name="ebAppID" Type="Tracked HTTP Parameters" AttributeSourceId="trackedparams" Value="eb_app_id" xmlns:urn1="urn:sourceid.org:saml2:metadata-extension:v2"/>
                                <urn1:AttributeMap Name="pf.local.identity.unique.id" Type="IdP Connection" AttributeSourceId="nc4gNg-dV-.GUx.Ax4jX_Mynb5Y" Value="sub" xmlns:urn1="urn:sourceid.org:saml2:metadata-extension:v2"/>
                                <urn1:AttributeMap Name="userid" Type="IdP Connection" AttributeSourceId="nc4gNg-dV-.GUx.Ax4jX_Mynb5Y" Value="sub" xmlns:urn1="urn:sourceid.org:saml2:metadata-extension:v2"/>
                                <urn1:AttributeMap Name="email" Type="IdP Connection" AttributeSourceId="nc4gNg-dV-.GUx.Ax4jX_Mynb5Y" Value="email" xmlns:urn1="urn:sourceid.org:saml2:metadata-extension:v2"/>
                                <urn1:TokenAuthorizationIssuanceCriteria xmlns:urn1="urn:sourceid.org:saml2:metadata-extension:v2"/>
                            </urn:InboundAttributeMapping>
                            <urn:OutboundAttributeMapping>
                                <urn1:AttributeMap Name="auth_level" Type="Text" Value="1" xmlns:urn1="urn:sourceid.org:saml2:metadata-extension:v2"/>
                                <urn1:AttributeMap Name="subject" Type="IdP Connection" AttributeSourceId="nc4gNg-dV-.GUx.Ax4jX_Mynb5Y" Value="sub" xmlns:urn1="urn:sourceid.org:saml2:metadata-extension:v2"/>
                                <urn1:AttributeMap Name="eb_app_id" Type="Tracked HTTP Parameters" AttributeSourceId="trackedparams" Value="eb_app_id" xmlns:urn1="urn:sourceid.org:saml2:metadata-extension:v2"/>
                                <urn1:TokenAuthorizationIssuanceCriteria xmlns:urn1="urn:sourceid.org:saml2:metadata-extension:v2"/>
                            </urn:OutboundAttributeMapping>
                        </urn:AstAction>
                    </urn:AstChild>
                </urn:AstChild>
                <urn:AstChild context="Success">
                    <urn:AstAction apcId="O8W8l0OSNuaLgfFd" xsi:type="urn:ApcMappingActionType" xmlns:xsi="http://www.w3.org/2001/XMLSchema-instance">
                        <urn:AttributeMapping>
                            <urn1:AttributeMap Name="auth_level" Type="Text" Value="1" xmlns:urn1="urn:sourceid.org:saml2:metadata-extension:v2"/>
                            <urn1:AttributeMap Name="subject" Type="Adapter" AttributeSourceId="HTMLFormSimplePCV" Value="username" xmlns:urn1="urn:sourceid.org:saml2:metadata-extension:v2"/>
                            <urn1:AttributeMap Name="eb_app_id" Type="Adapter" AttributeSourceId="HTMLFormSimplePCV" Value="ebAppID" xmlns:urn1="urn:sourceid.org:saml2:metadata-extension:v2"/>
                            <urn1:TokenAuthorizationIssuanceCriteria xmlns:urn1="urn:sourceid.org:saml2:metadata-extension:v2"/>
                        </urn:AttributeMapping>
                    </urn:AstAction>
                </urn:AstChild>
            </urn:AstRoot>
        </urn:AuthnSelectionTree>
        <urn:AuthnSelectionTree treeName="Simple Form" disabled="false">
            <urn:AstRoot context="">
                <urn:AstAction xsi:type="urn:AuthnSourceActionType" xmlns:xsi="http://www.w3.org/2001/XMLSchema-instance">
                    <urn:AuthnSourceKey type="ADAPTER">HTMLFormSimplePCV</urn:AuthnSourceKey>
                    <urn:fallbackToSuccess>true</urn:fallbackToSuccess>
                </urn:AstAction>
                <urn:AstChild context="Fail">
                    <urn:AstAction noOpType="DONE" xsi:type="urn:NoOpActionType" xmlns:xsi="http://www.w3.org/2001/XMLSchema-instance"/>
                </urn:AstChild>
                <urn:AstChild context="Success">
                    <urn:AstAction apcId="JEi5OaN5gi1EdQez" xsi:type="urn:ApcMappingActionType" xmlns:xsi="http://www.w3.org/2001/XMLSchema-instance">
                        <urn:AttributeMapping>
                            <urn1:AttributeMap Name="subject" Type="Adapter" AttributeSourceId="HTMLFormSimplePCV" Value="username" xmlns:urn1="urn:sourceid.org:saml2:metadata-extension:v2"/>
                            <urn1:AttributeMap Name="OrgName" Type="Adapter" AttributeSourceId="HTMLFormSimplePCV" Value="firstName" xmlns:urn1="urn:sourceid.org:saml2:metadata-extension:v2"/>
                            <urn1:TokenAuthorizationIssuanceCriteria xmlns:urn1="urn:sourceid.org:saml2:metadata-extension:v2"/>
                        </urn:AttributeMapping>
                    </urn:AstAction>
                </urn:AstChild>
            </urn:AstRoot>
        </urn:AuthnSelectionTree>
    </urn:AuthnSelectionTrees>
    <urn:DefaultAuthnSources/>
</urn:AuthnSelectionConfig>