<?xml version="1.0" encoding="UTF-8"?>
<urn:PluginConfiguration isInheritExtendedContractAttributes="false" name="UserPass" xmlns:urn="urn:sourceid.org:saml2:adapter:conf">
    <urn:Fields/>
    <urn:AdvancedFields/>
    <urn:Tables>
        <urn:Table name="Users">
            <urn:Row>
                <urn:Field name="Username">joe</urn:Field>
                <urn:Field name="Password">pnQViLEX26nAXemX8f-ZTsl6_DjhMvKOWBWoO9CsRhc.MbWesRNO.2</urn:Field>
                <urn:Field name="Confirm Password">-Ntii9V-dlUPqQaIj9EsH5MOlxFGcQSJipjjNqwCMOg.YS8NKT4G.2</urn:Field>
            </urn:Row>
            <urn:Row>
                <urn:Field name="Username">sarah</urn:Field>
                <urn:Field name="Password">BPcytYbu1xOwRVvkZBsXpLeJQnq_RIBKk0Wf4A7W9OA.wXm_EGoC.2</urn:Field>
                <urn:Field name="Confirm Password">nC57DctirrCxKHM8FOf48DfdXovRBFi9F9JlUJYiAwQ.82Wspacc.2</urn:Field>
            </urn:Row>
            <urn:Row>
                <urn:Field name="Username">scott</urn:Field>
                <urn:Field name="Password">HkEr5NqucJQ6EhEppCLhmBEBDWFT8ACP-hVhyqq6CI8.MmDWQs0d.2</urn:Field>
                <urn:Field name="Confirm Password">H9_6AgkhAVlzUbGToIi2sPNuaa1sUF-O_zYgCYlBK14.4lqVpucj.2</urn:Field>
            </urn:Row>
        </urn:Table>
    </urn:Tables>
</urn:PluginConfiguration>